Northern Africa,Eastern Africa,Middle Africa,Southern Africa,Western Africa,Caribbean,Central America,South America,Northern America,Central Asia,Eastern Asia,South-eastern Asia,Southern Asia,Western Asia,Eastern Europe,Northern Europe,Southern Europe,Western Europe,Oceania,Africa,Latin America and the Caribbean,Asia,Europe,Oceania (excluding Australia and New Zealand),Australia/New Zealand,Least Developed Countries,Land-locked Developing Countries (LLDC),Small Island Developing States (SIDS),"Less developed regions, excluding China","Less developed regions, excluding least developed countries",Least developed countries,High-income countries,Low-income countries,Lower-middle-income countries,Upper-middle-income countries,Less developed regions
Algeria,British Indian Ocean Territory,Angola,Botswana,Benin,Anguilla,Belize,Argentina,Bermuda,Kazakhstan,China,Brunei Darussalam,Afghanistan,Armenia,Belarus,Åland Islands,Albania,Austria,Australia,Algeria,Anguilla,Kazakhstan,Belarus,Christmas Island,Australia,Afghanistan,Afghanistan,American Samoa,Algeria,Algeria,Angola,Andorra,Afghanistan,Angola,Albania,Algeria
Egypt,Burundi,Cameroon,Eswatini,Burkina Faso,Antigua and Barbuda,Costa Rica,Bolivia (Plurinational State of),Canada,Kyrgyzstan,"China, Hong Kong SAR",Cambodia,Bangladesh,Azerbaijan,Bulgaria,Denmark,Andorra,Belgium,Christmas Island,Egypt,Antigua and Barbuda,Kyrgyzstan,Bulgaria,Cocos (Keeling) Islands,New Zealand,Angola,Armenia,Anguilla,Egypt,Egypt,Benin,Antigua and Barbuda,Benin,Bangladesh,Algeria,Egypt
Libya,Comoros,Central African Republic,Lesotho,Cabo Verde,Aruba,El Salvador,Bouvet Island,Greenland,Tajikistan,"China, Macao SAR",Indonesia,Bhutan,Bahrain,Czechia,Estonia,Bosnia and Herzegovina,France,Cocos (Keeling) Islands,Libya,Aruba,Tajikistan,Czechia,Heard Island and McDonald Islands,,Bangladesh,Azerbaijan,Antigua and Barbuda,Libya,Libya,Burkina Faso,Aruba,Burkina Faso,Bhutan,American Samoa,Libya
Morocco,Djibouti,Chad,Namibia,Côte d'Ivoire,Bahamas,Guatemala,Brazil,Saint Pierre and Miquelon,Turkmenistan,Dem. People's Republic of Korea,Lao People's Democratic Republic,India,Cyprus,Hungary,Faroe Islands,Croatia,Germany,Heard Island and McDonald Islands,Morocco,Bahamas,Turkmenistan,Hungary,Norfolk Island,,Benin,Bhutan,Aruba,Morocco,Morocco,Burundi,Australia,Burundi,Bolivia (Plurinational State of),Argentina,Morocco
Sudan,Eritrea,Congo,South Africa,Gambia,Barbados,Honduras,Chile,United States of America,Uzbekistan,Japan,Malaysia,Iran (Islamic Republic of),Georgia,Poland,Finland,Gibraltar,Liechtenstein,New Zealand,Sudan,Barbados,Uzbekistan,Poland,Fiji,,Bhutan,Bolivia (Plurinational State of),Bahamas,Sudan,Tunisia,Central African Republic,Austria,Central African Republic,Cabo Verde,Armenia,Sudan
Tunisia,Ethiopia,Democratic Republic of the Congo,,Ghana,"Bonaire, Sint Eustatius and Saba",Mexico,Colombia,,,Mongolia,Myanmar,Maldives,Iraq,Republic of Moldova,Iceland,Greece,Luxembourg,Norfolk Island,Tunisia,"Bonaire, Sint Eustatius and Saba",,Republic of Moldova,New Caledonia,,Burkina Faso,Botswana,Barbados,Tunisia,Western Sahara,Chad,Bahamas,Chad,Cambodia,Azerbaijan,Tunisia
Western Sahara,French Southern Territories,Equatorial Guinea,,Guinea,British Virgin Islands,Nicaragua,Ecuador,,,Republic of Korea,Philippines,Nepal,Israel,Romania,Ireland,Holy See,Monaco,Fiji,Western Sahara,British Virgin Islands,China,Romania,Papua New Guinea,,Burundi,Burkina Faso,Belize,Western Sahara,British Indian Ocean Territory,Comoros,Bahrain,Democratic Republic of the Congo,Cameroon,Belarus,Western Sahara
,Kenya,Gabon,,Guinea-Bissau,Cayman Islands,Panama,Falkland Islands (Malvinas),,,,Singapore,Pakistan,Jordan,Russian Federation,Isle of Man,Italy,Netherlands,New Caledonia,British Indian Ocean Territory,Cayman Islands,"China, Hong Kong SAR",Russian Federation,Solomon Islands,,Cambodia,Burundi,"Bonaire, Sint Eustatius and Saba",British Indian Ocean Territory,French Southern Territories,Democratic Republic of the Congo,Barbados,Eritrea,Comoros,Belize,British Indian Ocean Territory
,Madagascar,Sao Tome and Principe,,Liberia,Cuba,,French Guiana,,,,Thailand,Sri Lanka,Kuwait,Slovakia,Latvia,Malta,Switzerland,Papua New Guinea,Burundi,Cuba,"China, Macao SAR",Slovakia,Vanuatu,,Central African Republic,Central African Republic,British Virgin Islands,Burundi,Kenya,Djibouti,Belgium,Ethiopia,Democratic Republic of the Congo,Bosnia and Herzegovina,Burundi
,Malawi,,,Mali,Curaçao,,Guyana,,,,Timor-Leste,,Lebanon,Ukraine,Lithuania,Montenegro,,Solomon Islands,Comoros,Curaçao,Dem. People's Republic of Korea,Ukraine,Guam,,Chad,Chad,Cabo Verde,Comoros,Mauritius,Eritrea,Bermuda,Gambia,Côte d'Ivoire,Botswana,Comoros
,Mauritius,,,Mauritania,Dominica,,Paraguay,,,,Viet Nam,,Oman,,Norway,North Macedonia,,Vanuatu,Djibouti,Dominica,Japan,Åland Islands,Kiribati,,Comoros,Eswatini,Comoros,Djibouti,Mayotte,Ethiopia,British Virgin Islands,Guinea,Djibouti,Brazil,Djibouti
,Mayotte,,,Niger,Dominican Republic,,Peru,,,,,,Qatar,,Svalbard and Jan Mayen Islands,Portugal,,Guam,Eritrea,Dominican Republic,Mongolia,Denmark,Marshall Islands,,Democratic Republic of the Congo,Ethiopia,Cook Islands,Eritrea,Réunion,Gambia,Brunei Darussalam,Guinea-Bissau,Egypt,Bulgaria,Eritrea
,Mozambique,,,Nigeria,Grenada,,South Georgia and the South Sandwich Islands,,,,,,Saudi Arabia,,Sweden,San Marino,,Kiribati,Ethiopia,Grenada,Republic of Korea,Estonia,Micronesia (Fed. States of),,Djibouti,Kazakhstan,Cuba,Ethiopia,Seychelles,Guinea,Canada,Haiti,El Salvador,China,Ethiopia
,Réunion,,,Saint Helena,Guadeloupe,,Suriname,,,,,,State of Palestine,,United Kingdom,Serbia,,Marshall Islands,French Southern Territories,Guadeloupe,Brunei Darussalam,Faroe Islands,Nauru,,Eritrea,Kyrgyzstan,Curaçao,French Southern Territories,Zimbabwe,Guinea-Bissau,Cayman Islands,Dem. People's Republic of Korea,Eswatini,Colombia,French Southern Territories
,Rwanda,,,Senegal,Haiti,,Uruguay,,,,,,Syrian Arab Republic,,,Slovenia,,Micronesia (Fed. States of),Kenya,Haiti,Cambodia,Finland,Northern Mariana Islands,,Ethiopia,Lao People's Democratic Republic,Dominica,Kenya,Cameroon,Lesotho,Channel Islands,Liberia,Ghana,Costa Rica,Kenya
,Seychelles,,,Sierra Leone,Jamaica,,Venezuela (Bolivarian Republic of),,,,,,Turkey,,,Spain,,Nauru,Madagascar,Jamaica,Indonesia,Iceland,Palau,,Gambia,Lesotho,Dominican Republic,Madagascar,Congo,Liberia,Chile,Madagascar,Honduras,Cuba,Madagascar
,Somalia,,,Togo,Martinique,,,,,,,,United Arab Emirates,,,,,Northern Mariana Islands,Malawi,Martinique,Lao People's Democratic Republic,Ireland,United States Minor Outlying Islands,,Guinea,Malawi,Fiji,Malawi,Equatorial Guinea,Madagascar,Croatia,Malawi,India,Dominica,Malawi
,South Sudan,,,,Montserrat,,,,,,,,Yemen,,,,,Palau,Mauritius,Montserrat,Malaysia,Isle of Man,American Samoa,,Guinea-Bissau,Mali,French Polynesia,Mauritius,Gabon,Haiti,Curaçao,Mali,Indonesia,Dominican Republic,Mauritius
,Uganda,,,,Puerto Rico,,,,,,,,,,,,,United States Minor Outlying Islands,Mayotte,Puerto Rico,Myanmar,Latvia,Cook Islands,,Haiti,Mongolia,Grenada,Mayotte,Sao Tome and Principe,Malawi,Cyprus,Mozambique,Kenya,Ecuador,Mayotte
,United Republic of Tanzania,,,,Saint-Barthélemy,,,,,,,,,,,,,American Samoa,Mozambique,Saint-Barthélemy,Philippines,Lithuania,French Polynesia,,Kiribati,Nepal,Guam,Mozambique,Botswana,Mali,Czechia,Nepal,Kiribati,Equatorial Guinea,Mozambique
,Zambia,,,,Saint Kitts and Nevis,,,,,,,,,,,,,Cook Islands,Réunion,Saint Kitts and Nevis,Singapore,Norway,Niue,,Lao People's Democratic Republic,Niger,Guinea-Bissau,Réunion,Eswatini,Mauritania,Denmark,Niger,Kyrgyzstan,Fiji,Réunion
,Zimbabwe,,,,Saint Lucia,,,,,,,,,,,,,French Polynesia,Rwanda,Saint Lucia,Thailand,Svalbard and Jan Mayen Islands,Pitcairn,,Lesotho,North Macedonia,Guyana,Rwanda,Lesotho,Mozambique,Estonia,Rwanda,Lao People's Democratic Republic,Gabon,Rwanda
,,,,,Saint-Martin (French part),,,,,,,,,,,,,Niue,Seychelles,Saint-Martin (French part),Timor-Leste,Sweden,Samoa,,Liberia,Paraguay,Haiti,Seychelles,Namibia,Niger,Faroe Islands,Sierra Leone,Lesotho,Georgia,Seychelles
,,,,,Saint Vincent and the Grenadines,,,,,,,,,,,,,Pitcairn,Somalia,Saint Vincent and the Grenadines,Viet Nam,United Kingdom,Tokelau,,Madagascar,Republic of Moldova,Jamaica,Somalia,South Africa,Rwanda,Finland,Somalia,Mauritania,Grenada,Somalia
,,,,,Sint Maarten (Dutch part),,,,,,,,,,,,,Samoa,South Sudan,Sint Maarten (Dutch part),Afghanistan,Albania,Tonga,,Malawi,Rwanda,Kiribati,South Sudan,Cabo Verde,Sao Tome and Principe,France,South Sudan,Micronesia (Fed. States of),Guatemala,South Sudan
,,,,,Trinidad and Tobago,,,,,,,,,,,,,Tokelau,Uganda,Trinidad and Tobago,Bangladesh,Andorra,Tuvalu,,Mali,South Sudan,Maldives,Uganda,Côte d'Ivoire,Senegal,French Polynesia,Syrian Arab Republic,Republic of Moldova,Guyana,Uganda
,,,,,Turks and Caicos Islands,,,,,,,,,,,,,Tonga,United Republic of Tanzania,Turks and Caicos Islands,Bhutan,Bosnia and Herzegovina,Wallis and Futuna Islands,,Mauritania,Tajikistan,Marshall Islands,United Republic of Tanzania,Ghana,Sierra Leone,Germany,Tajikistan,Mongolia,Iran (Islamic Republic of),United Republic of Tanzania
,,,,,United States Virgin Islands,,,,,,,,,,,,,Tuvalu,Zambia,United States Virgin Islands,India,Croatia,,,Mozambique,Turkmenistan,Mauritius,Zambia,Nigeria,Somalia,Gibraltar,United Republic of Tanzania,Morocco,Iraq,Zambia
,,,,,,,,,,,,,,,,,,Wallis and Futuna Islands,Zimbabwe,Belize,Iran (Islamic Republic of),Gibraltar,,,Myanmar,Uganda,Micronesia (Fed. States of),Zimbabwe,Saint Helena,South Sudan,Greece,Togo,Myanmar,Jamaica,Zimbabwe
,,,,,,,,,,,,,,,,,,,Angola,Costa Rica,Maldives,Greece,,,Nepal,Uzbekistan,Montserrat,Angola,Anguilla,Sudan,Greenland,Uganda,Nicaragua,Jordan,Angola
,,,,,,,,,,,,,,,,,,,Cameroon,El Salvador,Nepal,Holy See,,,Niger,Zambia,Nauru,Cameroon,Antigua and Barbuda,Togo,Guam,Yemen,Nigeria,Kazakhstan,Cameroon
,,,,,,,,,,,,,,,,,,,Central African Republic,Guatemala,Pakistan,Italy,,,Rwanda,Zimbabwe,New Caledonia,Central African Republic,Aruba,Uganda,"China, Hong Kong SAR",,Pakistan,Kosovo,Central African Republic
,,,,,,,,,,,,,,,,,,,Chad,Honduras,Sri Lanka,Malta,,,Sao Tome and Principe,,Niue,Chad,Bahamas,United Republic of Tanzania,Hungary,,Papua New Guinea,Lebanon,Chad
,,,,,,,,,,,,,,,,,,,Congo,Mexico,Armenia,Montenegro,,,Senegal,,Northern Mariana Islands,Congo,Barbados,Zambia,Iceland,,Philippines,Libya,Congo
,,,,,,,,,,,,,,,,,,,Democratic Republic of the Congo,Nicaragua,Azerbaijan,North Macedonia,,,Sierra Leone,,Palau,Democratic Republic of the Congo,Bonaire,Afghanistan,Ireland,,Sao Tome and Principe,Malaysia,Democratic Republic of the Congo
,,,,,,,,,,,,,,,,,,,Equatorial Guinea,Panama,Bahrain,Portugal,,,Solomon Islands,,Papua New Guinea,Equatorial Guinea,"Bonaire, Sint Eustatius and Saba",Bangladesh,Isle of Man,,Senegal,Maldives,Equatorial Guinea
,,,,,,,,,,,,,,,,,,,Gabon,Argentina,Cyprus,San Marino,,,Somalia,,Puerto Rico,Gabon,British Virgin Islands,Bhutan,Israel,,Solomon Islands,Marshall Islands,Gabon
,,,,,,,,,,,,,,,,,,,Sao Tome and Principe,Bolivia (Plurinational State of),Georgia,Serbia,,,South Sudan,,Saint Kitts and Nevis,Sao Tome and Principe,Cayman Islands,Cambodia,Italy,,Sudan,Mauritius,Sao Tome and Principe
,,,,,,,,,,,,,,,,,,,Botswana,Bouvet Island,Iraq,Slovenia,,,Sudan,,Saint Lucia,Botswana,Cuba,Kiribati,Japan,,Timor-Leste,Mexico,Botswana
,,,,,,,,,,,,,,,,,,,Eswatini,Brazil,Israel,Spain,,,Timor-Leste,,Saint Vincent and the Grenadines,Eswatini,Curaçao,Lao People's Democratic Republic,Republic of Korea,,Tunisia,Montenegro,Eswatini
,,,,,,,,,,,,,,,,,,,Lesotho,Chile,Jordan,Austria,,,Togo,,Samoa,Lesotho,Dominica,Myanmar,Kuwait,,Ukraine,Namibia,Lesotho
,,,,,,,,,,,,,,,,,,,Namibia,Colombia,Kuwait,Belgium,,,Tuvalu,,Sao Tome and Principe,Namibia,Dominican Republic,Nepal,Latvia,,Uzbekistan,Nauru,Namibia
,,,,,,,,,,,,,,,,,,,South Africa,Ecuador,Lebanon,France,,,Uganda,,Seychelles,South Africa,Grenada,Solomon Islands,Liechtenstein,,Vanuatu,North Macedonia,South Africa
,,,,,,,,,,,,,,,,,,,Benin,Falkland Islands (Malvinas),Oman,Germany,,,United Republic of Tanzania,,Singapore,Benin,Guadeloupe,Timor-Leste,Lithuania,,Viet Nam,Paraguay,Benin
,,,,,,,,,,,,,,,,,,,Burkina Faso,French Guiana,Qatar,Liechtenstein,,,Vanuatu,,Sint Maarten (Dutch part),Burkina Faso,Jamaica,Tuvalu,Luxembourg,,West Bank and Gaza,Peru,Burkina Faso
,,,,,,,,,,,,,,,,,,,Cabo Verde,Guyana,Saudi Arabia,Luxembourg,,,Yemen,,Solomon Islands,Cabo Verde,Martinique,Vanuatu,"China, Macao SAR",,Zambia,Romania,Cabo Verde
,,,,,,,,,,,,,,,,,,,Côte d'Ivoire,Paraguay,State of Palestine,Monaco,,,Zambia,,Suriname,Côte d'Ivoire,Montserrat,Yemen,Malta,,Zimbabwe,Russian Federation,Côte d'Ivoire
,,,,,,,,,,,,,,,,,,,Gambia,Peru,Syrian Arab Republic,Netherlands,,,,,Timor-Leste,Gambia,Puerto Rico,,Monaco,,,Samoa,Gambia
,,,,,,,,,,,,,,,,,,,Ghana,South Georgia and the South Sandwich Islands,Turkey,Switzerland,,,,,Tonga,Ghana,Saint-Barthélemy,,Netherlands,,,Serbia,Ghana
,,,,,,,,,,,,,,,,,,,Guinea,Suriname,United Arab Emirates,,,,,,Trinidad and Tobago,Guinea,Saint Kitts and Nevis,,New Caledonia,,,South Africa,Guinea
,,,,,,,,,,,,,,,,,,,Guinea-Bissau,Uruguay,Yemen,,,,,,Tuvalu,Guinea-Bissau,Saint Lucia,,New Zealand,,,Sri Lanka,Guinea-Bissau
,,,,,,,,,,,,,,,,,,,Liberia,Venezuela (Bolivarian Republic of),,,,,,,United States Virgin Islands,Liberia,Saint-Martin (French part),,Northern Mariana Islands,,,Saint Lucia,Liberia
,,,,,,,,,,,,,,,,,,,Mali,,,,,,,,Vanuatu,Mali,Saint Vincent and the Grenadines,,Norway,,,Saint Vincent and the Grenadines,Mali
,,,,,,,,,,,,,,,,,,,Mauritania,,,,,,,,,Mauritania,Sint Maarten (Dutch part),,Oman,,,Suriname,Mauritania
,,,,,,,,,,,,,,,,,,,Niger,,,,,,,,,Niger,Trinidad and Tobago,,Palau,,,Thailand,Niger
,,,,,,,,,,,,,,,,,,,Nigeria,,,,,,,,,Nigeria,Turks and Caicos Islands,,Panama,,,Tonga,Nigeria
,,,,,,,,,,,,,,,,,,,Saint Helena,,,,,,,,,Saint Helena,United States Virgin Islands,,Poland,,,Turkey,Saint Helena
,,,,,,,,,,,,,,,,,,,Senegal,,,,,,,,,Senegal,Belize,,Portugal,,,Turkmenistan,Senegal
,,,,,,,,,,,,,,,,,,,Sierra Leone,,,,,,,,,Sierra Leone,Costa Rica,,Puerto Rico,,,Tuvalu,Sierra Leone
,,,,,,,,,,,,,,,,,,,Togo,,,,,,,,,Togo,El Salvador,,Qatar,,,Venezuela (Bolivarian Republic of),Togo
,,,,,,,,,,,,,,,,,,,,,,,,,,,,Anguilla,Guatemala,,San Marino,,,,Anguilla
,,,,,,,,,,,,,,,,,,,,,,,,,,,,Antigua and Barbuda,Honduras,,Saudi Arabia,,,,Antigua and Barbuda
,,,,,,,,,,,,,,,,,,,,,,,,,,,,Aruba,Mexico,,Seychelles,,,,Aruba
,,,,,,,,,,,,,,,,,,,,,,,,,,,,Bahamas,Nicaragua,,Singapore,,,,Bahamas
,,,,,,,,,,,,,,,,,,,,,,,,,,,,Barbados,Panama,,Sint Maarten (Dutch part),,,,Barbados
,,,,,,,,,,,,,,,,,,,,,,,,,,,,"Bonaire, Sint Eustatius and Saba",Argentina,,Slovakia,,,,"Bonaire, Sint Eustatius and Saba"
,,,,,,,,,,,,,,,,,,,,,,,,,,,,British Virgin Islands,Bolivia (Plurinational State of),,Slovenia,,,,British Virgin Islands
,,,,,,,,,,,,,,,,,,,,,,,,,,,,Cayman Islands,Bouvet Island,,Spain,,,,Cayman Islands
,,,,,,,,,,,,,,,,,,,,,,,,,,,,Cuba,Brazil,,Saint Kitts and Nevis,,,,Cuba
,,,,,,,,,,,,,,,,,,,,,,,,,,,,Curaçao,Chile,,Saint-Martin (French part),,,,Curaçao
,,,,,,,,,,,,,,,,,,,,,,,,,,,,Dominica,Colombia,,Sweden,,,,Dominica
,,,,,,,,,,,,,,,,,,,,,,,,,,,,Dominican Republic,Ecuador,,Switzerland,,,,Dominican Republic
,,,,,,,,,,,,,,,,,,,,,,,,,,,,Grenada,Falkland Islands (Malvinas),,"Taiwan, China",,,,Grenada
,,,,,,,,,,,,,,,,,,,,,,,,,,,,Guadeloupe,French Guiana,,Trinidad and Tobago,,,,Guadeloupe
,,,,,,,,,,,,,,,,,,,,,,,,,,,,Haiti,Guyana,,Turks and Caicos Islands,,,,Haiti
,,,,,,,,,,,,,,,,,,,,,,,,,,,,Jamaica,Paraguay,,United Arab Emirates,,,,Jamaica
,,,,,,,,,,,,,,,,,,,,,,,,,,,,Martinique,Peru,,United Kingdom,,,,Martinique
,,,,,,,,,,,,,,,,,,,,,,,,,,,,Montserrat,South Georgia and the South Sandwich Islands,,United States of America,,,,Montserrat
,,,,,,,,,,,,,,,,,,,,,,,,,,,,Puerto Rico,Suriname,,Uruguay,,,,Puerto Rico
,,,,,,,,,,,,,,,,,,,,,,,,,,,,Saint-Barthélemy,Uruguay,,United States Virgin Islands,,,,Saint-Barthélemy
,,,,,,,,,,,,,,,,,,,,,,,,,,,,Saint Kitts and Nevis,Venezuela (Bolivarian Republic of),,,,,,Saint Kitts and Nevis
,,,,,,,,,,,,,,,,,,,,,,,,,,,,Saint Lucia,Kazakhstan,,,,,,Saint Lucia
,,,,,,,,,,,,,,,,,,,,,,,,,,,,Saint-Martin (French part),Kyrgyzstan,,,,,,Saint-Martin (French part)
,,,,,,,,,,,,,,,,,,,,,,,,,,,,Saint Vincent and the Grenadines,Tajikistan,,,,,,Saint Vincent and the Grenadines
,,,,,,,,,,,,,,,,,,,,,,,,,,,,Sint Maarten (Dutch part),Turkmenistan,,,,,,Sint Maarten (Dutch part)
,,,,,,,,,,,,,,,,,,,,,,,,,,,,Trinidad and Tobago,Uzbekistan,,,,,,Trinidad and Tobago
,,,,,,,,,,,,,,,,,,,,,,,,,,,,Turks and Caicos Islands,China,,,,,,Turks and Caicos Islands
,,,,,,,,,,,,,,,,,,,,,,,,,,,,United States Virgin Islands,China,,,,,,United States Virgin Islands
,,,,,,,,,,,,,,,,,,,,,,,,,,,,Belize,"China, Hong Kong SAR",,,,,,Belize
,,,,,,,,,,,,,,,,,,,,,,,,,,,,Costa Rica,China,,,,,,Costa Rica
,,,,,,,,,,,,,,,,,,,,,,,,,,,,El Salvador,"China, Macao SAR",,,,,,El Salvador
,,,,,,,,,,,,,,,,,,,,,,,,,,,,Guatemala,Dem. People's Republic of Korea,,,,,,Guatemala
,,,,,,,,,,,,,,,,,,,,,,,,,,,,Honduras,Mongolia,,,,,,Honduras
,,,,,,,,,,,,,,,,,,,,,,,,,,,,Mexico,Republic of Korea,,,,,,Mexico
,,,,,,,,,,,,,,,,,,,,,,,,,,,,Nicaragua,Brunei Darussalam,,,,,,Nicaragua
,,,,,,,,,,,,,,,,,,,,,,,,,,,,Panama,Indonesia,,,,,,Panama
,,,,,,,,,,,,,,,,,,,,,,,,,,,,Argentina,Lao People's Democratic Republic,,,,,,Argentina
,,,,,,,,,,,,,,,,,,,,,,,,,,,,Bolivia (Plurinational State of),Malaysia,,,,,,Bolivia (Plurinational State of)
,,,,,,,,,,,,,,,,,,,,,,,,,,,,Bouvet Island,Philippines,,,,,,Bouvet Island
,,,,,,,,,,,,,,,,,,,,,,,,,,,,Brazil,Singapore,,,,,,Brazil
,,,,,,,,,,,,,,,,,,,,,,,,,,,,Chile,Thailand,,,,,,Chile
,,,,,,,,,,,,,,,,,,,,,,,,,,,,Colombia,Viet Nam,,,,,,Colombia
,,,,,,,,,,,,,,,,,,,,,,,,,,,,Ecuador,India,,,,,,Ecuador
,,,,,,,,,,,,,,,,,,,,,,,,,,,,Falkland Islands (Malvinas),Iran (Islamic Republic of),,,,,,Falkland Islands (Malvinas)
,,,,,,,,,,,,,,,,,,,,,,,,,,,,French Guiana,Maldives,,,,,,French Guiana
,,,,,,,,,,,,,,,,,,,,,,,,,,,,Guyana,Nepal,,,,,,Guyana
,,,,,,,,,,,,,,,,,,,,,,,,,,,,Paraguay,Pakistan,,,,,,Paraguay
,,,,,,,,,,,,,,,,,,,,,,,,,,,,Peru,Sri Lanka,,,,,,Peru
,,,,,,,,,,,,,,,,,,,,,,,,,,,,South Georgia and the South Sandwich Islands,Armenia,,,,,,South Georgia and the South Sandwich Islands
,,,,,,,,,,,,,,,,,,,,,,,,,,,,Suriname,Azerbaijan,,,,,,Suriname
,,,,,,,,,,,,,,,,,,,,,,,,,,,,Uruguay,Bahrain,,,,,,Uruguay
,,,,,,,,,,,,,,,,,,,,,,,,,,,,Venezuela (Bolivarian Republic of),Cyprus,,,,,,Venezuela (Bolivarian Republic of)
,,,,,,,,,,,,,,,,,,,,,,,,,,,,Kazakhstan,Georgia,,,,,,Kazakhstan
,,,,,,,,,,,,,,,,,,,,,,,,,,,,Kyrgyzstan,Iraq,,,,,,Kyrgyzstan
,,,,,,,,,,,,,,,,,,,,,,,,,,,,Tajikistan,Israel,,,,,,Tajikistan
,,,,,,,,,,,,,,,,,,,,,,,,,,,,Turkmenistan,Jordan,,,,,,Turkmenistan
,,,,,,,,,,,,,,,,,,,,,,,,,,,,Uzbekistan,Kuwait,,,,,,Uzbekistan
,,,,,,,,,,,,,,,,,,,,,,,,,,,,China,Lebanon,,,,,,China
,,,,,,,,,,,,,,,,,,,,,,,,,,,,"China, Hong Kong SAR",Oman,,,,,,"China, Hong Kong SAR"
,,,,,,,,,,,,,,,,,,,,,,,,,,,,"China, Macao SAR",Qatar,,,,,,"China, Macao SAR"
,,,,,,,,,,,,,,,,,,,,,,,,,,,,Dem. People's Republic of Korea,Saudi Arabia,,,,,,Dem. People's Republic of Korea
,,,,,,,,,,,,,,,,,,,,,,,,,,,,Mongolia,State of Palestine,,,,,,Mongolia
,,,,,,,,,,,,,,,,,,,,,,,,,,,,Republic of Korea,Syrian Arab Republic,,,,,,Republic of Korea
,,,,,,,,,,,,,,,,,,,,,,,,,,,,Brunei Darussalam,Turkey,,,,,,Brunei Darussalam
,,,,,,,,,,,,,,,,,,,,,,,,,,,,Cambodia,United Arab Emirates,,,,,,Cambodia
,,,,,,,,,,,,,,,,,,,,,,,,,,,,Indonesia,Anguilla,,,,,,Indonesia
,,,,,,,,,,,,,,,,,,,,,,,,,,,,Lao People's Democratic Republic,Antigua and Barbuda,,,,,,Lao People's Democratic Republic
,,,,,,,,,,,,,,,,,,,,,,,,,,,,Malaysia,Aruba,,,,,,Malaysia
,,,,,,,,,,,,,,,,,,,,,,,,,,,,Myanmar,Bahamas,,,,,,Myanmar
,,,,,,,,,,,,,,,,,,,,,,,,,,,,Philippines,Barbados,,,,,,Philippines
,,,,,,,,,,,,,,,,,,,,,,,,,,,,Singapore,Bonaire,,,,,,Singapore
,,,,,,,,,,,,,,,,,,,,,,,,,,,,Thailand,"Bonaire, Sint Eustatius and Saba",,,,,,Thailand
,,,,,,,,,,,,,,,,,,,,,,,,,,,,Timor-Leste,British Virgin Islands,,,,,,Timor-Leste
,,,,,,,,,,,,,,,,,,,,,,,,,,,,Viet Nam,Cayman Islands,,,,,,Viet Nam
,,,,,,,,,,,,,,,,,,,,,,,,,,,,Afghanistan,Cuba,,,,,,Afghanistan
,,,,,,,,,,,,,,,,,,,,,,,,,,,,Bangladesh,Curaçao,,,,,,Bangladesh
,,,,,,,,,,,,,,,,,,,,,,,,,,,,Bhutan,Dominica,,,,,,Bhutan
,,,,,,,,,,,,,,,,,,,,,,,,,,,,India,Dominican Republic,,,,,,India
,,,,,,,,,,,,,,,,,,,,,,,,,,,,Iran (Islamic Republic of),Grenada,,,,,,Iran (Islamic Republic of)
,,,,,,,,,,,,,,,,,,,,,,,,,,,,Maldives,Guadeloupe,,,,,,Maldives
,,,,,,,,,,,,,,,,,,,,,,,,,,,,Nepal,Jamaica,,,,,,Nepal
,,,,,,,,,,,,,,,,,,,,,,,,,,,,Pakistan,Martinique,,,,,,Pakistan
,,,,,,,,,,,,,,,,,,,,,,,,,,,,Sri Lanka,Montserrat,,,,,,Sri Lanka
,,,,,,,,,,,,,,,,,,,,,,,,,,,,Armenia,Puerto Rico,,,,,,Armenia
,,,,,,,,,,,,,,,,,,,,,,,,,,,,Azerbaijan,Saint Kitts and Nevis,,,,,,Azerbaijan
,,,,,,,,,,,,,,,,,,,,,,,,,,,,Bahrain,Saint Lucia,,,,,,Bahrain
,,,,,,,,,,,,,,,,,,,,,,,,,,,,Cyprus,Saint-Martin (French part),,,,,,Cyprus
,,,,,,,,,,,,,,,,,,,,,,,,,,,,Georgia,Saint Vincent and the Grenadines,,,,,,Georgia
,,,,,,,,,,,,,,,,,,,,,,,,,,,,Iraq,Sint Maarten (Dutch part),,,,,,Iraq
,,,,,,,,,,,,,,,,,,,,,,,,,,,,Israel,Trinidad and Tobago,,,,,,Israel
,,,,,,,,,,,,,,,,,,,,,,,,,,,,Jordan,Turks and Caicos Islands,,,,,,Jordan
,,,,,,,,,,,,,,,,,,,,,,,,,,,,Kuwait,United States Virgin Islands,,,,,,Kuwait
,,,,,,,,,,,,,,,,,,,,,,,,,,,,Lebanon,Christmas Island,,,,,,Lebanon
,,,,,,,,,,,,,,,,,,,,,,,,,,,,Oman,Cocos (Keeling) Islands,,,,,,Oman
,,,,,,,,,,,,,,,,,,,,,,,,,,,,Qatar,Heard Island and McDonald Islands,,,,,,Qatar
,,,,,,,,,,,,,,,,,,,,,,,,,,,,Saudi Arabia,Norfolk Island,,,,,,Saudi Arabia
,,,,,,,,,,,,,,,,,,,,,,,,,,,,State of Palestine,Fiji,,,,,,State of Palestine
,,,,,,,,,,,,,,,,,,,,,,,,,,,,Syrian Arab Republic,New Caledonia,,,,,,Syrian Arab Republic
,,,,,,,,,,,,,,,,,,,,,,,,,,,,Turkey,Papua New Guinea,,,,,,Turkey
,,,,,,,,,,,,,,,,,,,,,,,,,,,,United Arab Emirates,Solomon Islands,,,,,,United Arab Emirates
,,,,,,,,,,,,,,,,,,,,,,,,,,,,Yemen,Guam,,,,,,Yemen
,,,,,,,,,,,,,,,,,,,,,,,,,,,,Anguilla,Marshall Islands,,,,,,Anguilla
,,,,,,,,,,,,,,,,,,,,,,,,,,,,Antigua and Barbuda,Micronesia (Fed. States of),,,,,,Antigua and Barbuda
,,,,,,,,,,,,,,,,,,,,,,,,,,,,Aruba,Nauru,,,,,,Aruba
,,,,,,,,,,,,,,,,,,,,,,,,,,,,Bahamas,Northern Mariana Islands,,,,,,Bahamas
,,,,,,,,,,,,,,,,,,,,,,,,,,,,Barbados,Palau,,,,,,Barbados
,,,,,,,,,,,,,,,,,,,,,,,,,,,,"Bonaire, Sint Eustatius and Saba",United States Minor Outlying Islands,,,,,,"Bonaire, Sint Eustatius and Saba"
,,,,,,,,,,,,,,,,,,,,,,,,,,,,British Virgin Islands,American Samoa,,,,,,British Virgin Islands
,,,,,,,,,,,,,,,,,,,,,,,,,,,,Cayman Islands,Cook Islands,,,,,,Cayman Islands
,,,,,,,,,,,,,,,,,,,,,,,,,,,,Cuba,French Polynesia,,,,,,Cuba
,,,,,,,,,,,,,,,,,,,,,,,,,,,,Curaçao,Niue,,,,,,Curaçao
,,,,,,,,,,,,,,,,,,,,,,,,,,,,Dominica,Pitcairn,,,,,,Dominica
,,,,,,,,,,,,,,,,,,,,,,,,,,,,Dominican Republic,Samoa,,,,,,Dominican Republic
,,,,,,,,,,,,,,,,,,,,,,,,,,,,Grenada,Tokelau,,,,,,Grenada
,,,,,,,,,,,,,,,,,,,,,,,,,,,,Guadeloupe,Tonga,,,,,,Guadeloupe
,,,,,,,,,,,,,,,,,,,,,,,,,,,,Haiti,Wallis and Futuna Islands,,,,,,Haiti
,,,,,,,,,,,,,,,,,,,,,,,,,,,,Jamaica,,,,,,,Jamaica
,,,,,,,,,,,,,,,,,,,,,,,,,,,,Martinique,,,,,,,Martinique
,,,,,,,,,,,,,,,,,,,,,,,,,,,,Montserrat,,,,,,,Montserrat
,,,,,,,,,,,,,,,,,,,,,,,,,,,,Puerto Rico,,,,,,,Puerto Rico
,,,,,,,,,,,,,,,,,,,,,,,,,,,,Saint-Barthélemy,,,,,,,Saint-Barthélemy
,,,,,,,,,,,,,,,,,,,,,,,,,,,,Saint Kitts and Nevis,,,,,,,Saint Kitts and Nevis
,,,,,,,,,,,,,,,,,,,,,,,,,,,,Saint Lucia,,,,,,,Saint Lucia
,,,,,,,,,,,,,,,,,,,,,,,,,,,,Saint-Martin (French part),,,,,,,Saint-Martin (French part)
,,,,,,,,,,,,,,,,,,,,,,,,,,,,Saint Vincent and the Grenadines,,,,,,,Saint Vincent and the Grenadines
,,,,,,,,,,,,,,,,,,,,,,,,,,,,Sint Maarten (Dutch part),,,,,,,Sint Maarten (Dutch part)
,,,,,,,,,,,,,,,,,,,,,,,,,,,,Trinidad and Tobago,,,,,,,Trinidad and Tobago
,,,,,,,,,,,,,,,,,,,,,,,,,,,,Turks and Caicos Islands,,,,,,,Turks and Caicos Islands
,,,,,,,,,,,,,,,,,,,,,,,,,,,,United States Virgin Islands,,,,,,,United States Virgin Islands
,,,,,,,,,,,,,,,,,,,,,,,,,,,,Christmas Island,,,,,,,Christmas Island
,,,,,,,,,,,,,,,,,,,,,,,,,,,,Cocos (Keeling) Islands,,,,,,,Cocos (Keeling) Islands
,,,,,,,,,,,,,,,,,,,,,,,,,,,,Heard Island and McDonald Islands,,,,,,,Heard Island and McDonald Islands
,,,,,,,,,,,,,,,,,,,,,,,,,,,,Norfolk Island,,,,,,,Norfolk Island
,,,,,,,,,,,,,,,,,,,,,,,,,,,,Fiji,,,,,,,Fiji
,,,,,,,,,,,,,,,,,,,,,,,,,,,,New Caledonia,,,,,,,New Caledonia
,,,,,,,,,,,,,,,,,,,,,,,,,,,,Papua New Guinea,,,,,,,Papua New Guinea
,,,,,,,,,,,,,,,,,,,,,,,,,,,,Solomon Islands,,,,,,,Solomon Islands
,,,,,,,,,,,,,,,,,,,,,,,,,,,,Vanuatu,,,,,,,Vanuatu
,,,,,,,,,,,,,,,,,,,,,,,,,,,,Guam,,,,,,,Guam
,,,,,,,,,,,,,,,,,,,,,,,,,,,,Kiribati,,,,,,,Kiribati
,,,,,,,,,,,,,,,,,,,,,,,,,,,,Marshall Islands,,,,,,,Marshall Islands
,,,,,,,,,,,,,,,,,,,,,,,,,,,,Micronesia (Fed. States of),,,,,,,Micronesia (Fed. States of)
,,,,,,,,,,,,,,,,,,,,,,,,,,,,Nauru,,,,,,,Nauru
,,,,,,,,,,,,,,,,,,,,,,,,,,,,Northern Mariana Islands,,,,,,,Northern Mariana Islands
,,,,,,,,,,,,,,,,,,,,,,,,,,,,Palau,,,,,,,Palau
,,,,,,,,,,,,,,,,,,,,,,,,,,,,United States Minor Outlying Islands,,,,,,,United States Minor Outlying Islands
,,,,,,,,,,,,,,,,,,,,,,,,,,,,American Samoa,,,,,,,American Samoa
,,,,,,,,,,,,,,,,,,,,,,,,,,,,Cook Islands,,,,,,,Cook Islands
,,,,,,,,,,,,,,,,,,,,,,,,,,,,French Polynesia,,,,,,,French Polynesia
,,,,,,,,,,,,,,,,,,,,,,,,,,,,Niue,,,,,,,Niue
,,,,,,,,,,,,,,,,,,,,,,,,,,,,Pitcairn,,,,,,,Pitcairn
,,,,,,,,,,,,,,,,,,,,,,,,,,,,Samoa,,,,,,,Samoa
,,,,,,,,,,,,,,,,,,,,,,,,,,,,Tokelau,,,,,,,Tokelau
,,,,,,,,,,,,,,,,,,,,,,,,,,,,Tonga,,,,,,,Tonga
,,,,,,,,,,,,,,,,,,,,,,,,,,,,Tuvalu,,,,,,,Tuvalu
,,,,,,,,,,,,,,,,,,,,,,,,,,,,Wallis and Futuna Islands,,,,,,,Wallis and Futuna Islands
